"Low","High","Volumne","Year"
22,137,25281,"2020"
71,128,39601,"2020"
25,104,16641,"2020"
98,115,45369,"2020"
83,137,48400,"2020"
62.5454545454545,136,19881,"2020"
49,146,38025,"2020"
62.5454545454545,112,12769,"2020"
80,105,34225,"2020"
85,118,41209,"2020"
49,146,38025,"2020"
74,148,49284,"2020"
31,118,22201,"2020"
